,Kernels,Adjoint,Parametr shift
0,1,0.00012339457598623172,0.0009110511944006454
1,2,0.0003353501304664781,0.0024726231566347743
2,3,0.0009110511944006454,0.0066928509242848554
3,4,0.0024726231566347743,0.01798620996209156
4,5,0.0066928509242848554,0.04742587317756678
