,Kernels,Parllel processing,Sequential processing
0,1,0.0018221023888012908,0.04684995646999399
1,2,0.004945246313269549,0.12590346973464092
2,3,0.013385701848569711,0.33198111224296745
3,4,0.03597241992418312,0.8344204541548229
4,5,0.09485174635513356,1.8825899495899658
5,6,0.2384058440442351,3.5
6,7,0.5378828427399902,5.117410050410034
